Model1,Model2
Apple Watch SE (2nd generation),Apple Watch Series 10
44mm or 40mm
aluminum case,46mm or 42mm
aluminum or titanium case
LTPO OLED Retina display,LTPO3 OLED Always-on Retina display
—,Wide-angle OLED
Up to 1000 nits,Up to 2000 nits
—,Up to 40% brighter when viewed at an angle
—,ECG app1
High and low
heart rate notifications,High and low
heart rate notifications
Irregular rhythm
notifications2,Irregular rhythm
notifications2
Low cardio fitness
notifications,Low cardio fitness
notifications
Sleep tracking,Sleep tracking
—,Sleep apnea notifications3
Vitals app featuring heart rate\, respiratory rate\, and sleep duration4,Vitals app featuring heart rate\, respiratory rate\, wrist temperature\, and sleep duration4
—,Temperature sensing5
Cycle Tracking,Cycle Tracking with retrospective ovulation estimates6
Emergency SOS7,Emergency SOS7
International
emergency calling8,International
emergency calling8
Fall Detection
and Crash Detection7,Fall Detection
and Crash Detection7
50m,50m
Water resistant9,Water resistant10
Swimproof,Swimproof
—,Depth gauge to 6m
—,Water temperature sensor
GPS,GPS
Cellular and Wi-Fi only options 23,Cellular and Wi-Fi only options 23
S8 SiP,S10 SiP
—,Double tap gesture
Siri,Fast on-device Siri with health data access
Find iPhone,Precision Finding
for iPhone24
Up to 18 hours25,Up to 18 hours26
Low Power Mode,Up to 36 hours in
Low Power Mode26
—,Faster charging
(0–80% in about 30 minutes)38
GPS + Cellular,GPS + Cellular
Aluminum available in midnight\, starlight\, and silver,Aluminum available in jet black\, rose gold\, and silver
—,Titanium available in slate\, gold\, and natural
GPS,GPS
Aluminum available in midnight\, starlight\, and silver,Aluminum available in jet black\, rose gold\, and silver
—
Not available,Apple Watch Hermès
—,Titanium available in silver
44mm by 38mm by 10.7mm (44mm)
32.9 grams (GPS)
33.0 grams (GPS + Cellular),46mm by 39mm by 9.7mm (46mm)
36.4 grams (aluminum\, GPS)
35.3 grams (aluminum\, GPS + Cellular)
41.7 grams (titanium)
40mm by 34mm by 10.7mm (40mm)
26.4 grams (GPS)
27.8 grams (GPS + Cellular),42mm by 36mm by 9.7mm (42mm)
30 grams (aluminum\, GPS)
29.3 grams (aluminum\, GPS + Cellular)
34.4 grams (titanium)
Nylon composite and sapphire crystal back,Metal and sapphire crystal back
LTPO OLED Retina display,LTPO3 OLED Always-on Retina display
—,Wide-angle OLED
Up to 1000 nits brightness,Up to 2000 nits brightness
—,1 nit minimum brightness
44mm
368 by 448 pixels
977 sq mm display area,46mm
416 by 496 pixels
1220 sq mm display area
40mm
324 by 394 pixels
759 sq mm display area,42mm
374 by 446 pixels
989 sq mm display area
S8 SiP with 64-bit dual-core processor,S10 SiP with 64-bit dual-core processor
W3
Apple wireless chip,W3
Apple wireless chip
—,Second-generation Ultra Wideband chip44
—,4-core Neural Engine
32GB capacity,64GB capacity
—,Electrical heart sensor
Second-generation optical heart sensor,Third-generation optical heart sensor
Ambient light sensor,Ambient light sensor
—,Water temperature sensor
—,Depth gauge and Depth app
Speaker,Speaker
Media playback
Microphone,Microphone with voice isolation
Always-on altimeter,Always-on altimeter
Compass,Compass
Waypoints\, Backtrack\, and Elevation view,Waypoints\, Backtrack\, and Elevation view
High dynamic range gyroscope,High dynamic range gyroscope
—,ECG app1
—,Nightly wrist temperature tracking5
Cycle Tracking,Cycle Tracking with retrospective ovulation estimates6
Sleep tracking,Sleep tracking
—,Sleep apnea notifications3
Vitals app featuring heart rate\, respiratory rate\, and sleep duration4,Vitals app featuring heart rate\, respiratory rate\, wrist temperature\, and sleep duration4
Mindfulness app with state of mind tracking,Mindfulness app with state of mind tracking
Training load,Training load
Noise monitoring,Noise monitoring
GymKit,GymKit
LTE and UMTS
GPS + Cellular models,LTE and UMTS
GPS + Cellular models
Support for Apple Watch For Your Kids (GPS + Cellular models)45
Connect family members who don’t have an iPhone,Support for Apple Watch For Your Kids (GPS + Cellular models)45
Connect family members who don’t have an iPhone
Wi-Fi 4
802.11n,Wi-Fi 4
802.11n
Bluetooth 5.3,Bluetooth 5.3
L1 GPS\, GLONASS\, Galileo\, and QZSS,L1 GPS\, GLONASS\, Galileo\, QZSS\, and BeiDou
Offline maps46,Offline maps46
Apple Pay,Apple Pay
International emergency calling8,International emergency calling8
Emergency SOS7,Emergency SOS7
International roaming47,International roaming47
High-g accelerometer
Up to 256 g-forces with Fall Detection and Crash Detection,High-g accelerometer
Up to 256 g-forces with Fall Detection and Crash Detection
Built-in rechargeable lithium-ion battery,Built-in rechargeable lithium-ion battery
Up to 18 hours25,Up to 18 hours26
—,Up to 36 hours in
Low Power Mode26
—,Fast charge capable48
Water resistant
50 meters9,Water resistant
50 meters10
—,Depth to 6m / 20 ft.
—,Certified IP6X dust resistant49
Carbon neutral combinations available55,Carbon neutral combinations available55
100% recycled aluminum in the case,100% recycled aluminum in the case
—,95% recycled titanium in the case
100% recycled tungsten in the Taptic Engine,100% recycled tungsten in the Taptic Engine
100% recycled rare earth elements in all magnets,100% recycled rare earth elements in all magnets
100% recycled tin in the solder of multiple printed circuit boards,100% recycled tin in the solder of all Apple-designed printed circuit boards
100% recycled gold in plating of multiple printed circuit boards,100% recycled gold in plating of multiple printed circuit boards
—,100% recycled copper in multiple printed circuit boards
—,100% recycled copper wire in the Taptic Engine
—,100% recycled cobalt in the battery
Energy efficient56,Energy efficient56
Responsible packaging57,Responsible packaging57
Arsenic-free display glass58,Arsenic-free glass58
Mercury-\, BFR-\, and PVC-free58,Mercury-\, BFR-\, and PVC-free58
Apple Trade In59,Apple Trade In59
apple watch series 5
Price Information
GPS + Cellular,From $679
GPS,From $549
Features
Feature 1,46mm or 42mm
Feature 2,LTPO3 OLED Always-on Retina display
Feature 3,Wide-angle OLED
Feature 4,Up to 2000 nits
Feature 5,Up to 40% brighter when viewed at an angle
Feature 6,ECG app1
Feature 7,High and low
Feature 8,Irregular rhythm
Feature 9,Low cardio fitness
Feature 10,Blood Oxygen app*
Feature 11,Sleep Tracking
Feature 12,Sleep apnea notifications**
Feature 13,Vitals app featuring heart rate, respiratory rate, wrist temperature, blood oxygen and sleep duration3
Feature 14,Temperature sensing4
Feature 15,Cycle Tracking with retrospective ovulation estimates5
Feature 16,Emergency SOS6
Feature 17,International
Feature 18,Fall Detection
Feature 19,50m
Feature 20,Water-resistant8
Feature 21,Swimproof
Feature 22,Depth gauge to 6m
Feature 23,Water temperature sensor
Feature 24,GPS
Feature 25,Cellular and Wi-Fi only options11
Feature 26,S10 SiP
Feature 27,Double tap gesture
Feature 28,Fast on-device Siri
Feature 29,Precision Finding
Feature 30,Up to 18 hours14
Feature 31,Up to 36 hours in
Feature 32,Faster charging
Feature 33,GPS + Cellular
Feature 34,Aluminum available in jet black, rose gold and silver
Feature 35,Titanium available in slate, gold and natural
Feature 36,GPS
Feature 37,Aluminum available in jet black, rose gold and silver
Feature 38,Apple Watch Hermès
Feature 39,Titanium available in silver
Feature 40,46mm by 39mm by 9.7mm (46mm)
Feature 41,42mm by 36mm by 9.7mm (42mm)
Feature 42,LTPO3 OLED Always-on Retina display
Feature 43,Wide-angle OLED
Feature 44,Up to 2000 nits brightness
Feature 45,1 nit minimum brightness
Feature 46,46mm
Feature 47,42mm
Feature 48,Electrical heart sensor
Feature 49,Third-generation optical heart sensor
Feature 50,Blood Oxygen app*
Feature 51,Cycle Tracking with retrospective ovulation estimates5
Feature 52,Nightly wrist temperature tracking4
Feature 53,Sleep Tracking
Feature 54,Sleep apnea notifications**
Feature 55,Vitals app featuring heart rate, respiratory rate, wrist temperature, blood oxygen and sleep duration3
Feature 56,Mindfulness app with state of mind tracking
Feature 57,Training load
Feature 58,L1 GPS, GLONASS, Galileo, QZSS and BeiDou
Feature 59,Compass
Feature 60,Waypoints, Backtrack and Elevation view
Feature 61,Always-on altimeter
Feature 62,Water-resistant
Feature 63,Certified IP6X dust-resistant21
Feature 64,International emergency calling7
Feature 65,Emergency SOS6
Feature 66,High-g accelerometer
Feature 67,High dynamic range gyroscope
Feature 68,Offline maps26
Feature 69,Double tap gesture
Feature 70,On-device Siri
Feature 71,Ambient light sensor
Feature 72,Water temperature sensor
Feature 73,Depth gauge and Depth app
Feature 74,Depth to 6m/20 ft.
Feature 75,Tides app
Feature 76,Oceanic+ app for snorkelling (available on the App Store)27
Feature 77,Speaker
Feature 78,Microphone with Voice Isolation
Feature 79,Noise monitoring
Feature 80,Apple Pay
Feature 81,GymKit
Feature 82,Capacity 64GB
Feature 83,Metal and sapphire crystal back
Feature 84,S10 SiP with 64-bit dual-core processor
Feature 85,W3
Feature 86,Second-generation Ultra Wideband chip28
Feature 87,4-core Neural Engine
Feature 88,LTE and UMTS
Feature 89,Support for Apple Watch For Your Kids (GPS + Cellular models)29
Feature 90,Wi-Fi 4
Feature 91,Bluetooth 5.3
Feature 92,Built-in rechargeable lithium-ion battery
Feature 93,Up to 18 hours14
Feature 94,Up to 36 hours in
Feature 95,Fast charge capable30
Feature 96,Carbon-neutral combinations available32
Feature 97,100% recycled aluminum in the case
Feature 98,95% recycled titanium in the case
Feature 99,100% recycled tungsten in the Taptic Engine
Feature 100,100% recycled rare earth elements in all magnets
Feature 101,100% recycled tin in the solder of all Apple-designed printed circuit boards
Feature 102,100% recycled gold in plating of multiple printed circuit boards
Feature 103,100% recycled copper in multiple printed circuit boards
Feature 104,100% recycled copper wire in the Taptic Engine
Feature 105,100% recycled cobalt in the battery
Feature 106,Energy-efficient33
Feature 107,Responsible packaging34
Feature 108,Arsenic-free glass35
Feature 109,Mercury-, BFR- and PVC-free35
Feature 110,Apple Trade In36

apple watch series 5
Price Information
GPS + Cellular,From $679
GPS,From $549
Features
Feature 1,46mm or 42mm
Feature 2,LTPO3 OLED Always-on Retina display
Feature 3,Wide-angle OLED
Feature 4,Up to 2000 nits
Feature 5,Up to 40% brighter when viewed at an angle
Feature 6,ECG app1
Feature 7,High and low
Feature 8,Irregular rhythm
Feature 9,Low cardio fitness
Feature 10,Blood Oxygen app*
Feature 11,Sleep Tracking
Feature 12,Sleep apnea notifications**
Feature 13,Vitals app featuring heart rate, respiratory rate, wrist temperature, blood oxygen and sleep duration3
Feature 14,Temperature sensing4
Feature 15,Cycle Tracking with retrospective ovulation estimates5
Feature 16,Emergency SOS6
Feature 17,International
Feature 18,Fall Detection
Feature 19,50m
Feature 20,Water-resistant8
Feature 21,Swimproof
Feature 22,Depth gauge to 6m
Feature 23,Water temperature sensor
Feature 24,GPS
Feature 25,Cellular and Wi-Fi only options11
Feature 26,S10 SiP
Feature 27,Double tap gesture
Feature 28,Fast on-device Siri
Feature 29,Precision Finding
Feature 30,Up to 18 hours14
Feature 31,Up to 36 hours in
Feature 32,Faster charging
Feature 33,GPS + Cellular
Feature 34,Aluminum available in jet black, rose gold and silver
Feature 35,Titanium available in slate, gold and natural
Feature 36,GPS
Feature 37,Aluminum available in jet black, rose gold and silver
Feature 38,Apple Watch Hermès
Feature 39,Titanium available in silver
Feature 40,46mm by 39mm by 9.7mm (46mm)
Feature 41,42mm by 36mm by 9.7mm (42mm)
Feature 42,LTPO3 OLED Always-on Retina display
Feature 43,Wide-angle OLED
Feature 44,Up to 2000 nits brightness
Feature 45,1 nit minimum brightness
Feature 46,46mm
Feature 47,42mm
Feature 48,Electrical heart sensor
Feature 49,Third-generation optical heart sensor
Feature 50,Blood Oxygen app*
Feature 51,Cycle Tracking with retrospective ovulation estimates5
Feature 52,Nightly wrist temperature tracking4
Feature 53,Sleep Tracking
Feature 54,Sleep apnea notifications**
Feature 55,Vitals app featuring heart rate, respiratory rate, wrist temperature, blood oxygen and sleep duration3
Feature 56,Mindfulness app with state of mind tracking
Feature 57,Training load
Feature 58,L1 GPS, GLONASS, Galileo, QZSS and BeiDou
Feature 59,Compass
Feature 60,Waypoints, Backtrack and Elevation view
Feature 61,Always-on altimeter
Feature 62,Water-resistant
Feature 63,Certified IP6X dust-resistant21
Feature 64,International emergency calling7
Feature 65,Emergency SOS6
Feature 66,High-g accelerometer
Feature 67,High dynamic range gyroscope
Feature 68,Offline maps26
Feature 69,Double tap gesture
Feature 70,On-device Siri
Feature 71,Ambient light sensor
Feature 72,Water temperature sensor
Feature 73,Depth gauge and Depth app
Feature 74,Depth to 6m/20 ft.
Feature 75,Tides app
Feature 76,Oceanic+ app for snorkelling (available on the App Store)27
Feature 77,Speaker
Feature 78,Microphone with Voice Isolation
Feature 79,Noise monitoring
Feature 80,Apple Pay
Feature 81,GymKit
Feature 82,Capacity 64GB
Feature 83,Metal and sapphire crystal back
Feature 84,S10 SiP with 64-bit dual-core processor
Feature 85,W3
Feature 86,Second-generation Ultra Wideband chip28
Feature 87,4-core Neural Engine
Feature 88,LTE and UMTS
Feature 89,Support for Apple Watch For Your Kids (GPS + Cellular models)29
Feature 90,Wi-Fi 4
Feature 91,Bluetooth 5.3
Feature 92,Built-in rechargeable lithium-ion battery
Feature 93,Up to 18 hours14
Feature 94,Up to 36 hours in
Feature 95,Fast charge capable30
Feature 96,Carbon-neutral combinations available32
Feature 97,100% recycled aluminum in the case
Feature 98,95% recycled titanium in the case
Feature 99,100% recycled tungsten in the Taptic Engine
Feature 100,100% recycled rare earth elements in all magnets
Feature 101,100% recycled tin in the solder of all Apple-designed printed circuit boards
Feature 102,100% recycled gold in plating of multiple printed circuit boards
Feature 103,100% recycled copper in multiple printed circuit boards
Feature 104,100% recycled copper wire in the Taptic Engine
Feature 105,100% recycled cobalt in the battery
Feature 106,Energy-efficient33
Feature 107,Responsible packaging34
Feature 108,Arsenic-free glass35
Feature 109,Mercury-, BFR- and PVC-free35
Feature 110,Apple Trade In36

apple watch series 5
Price Information
GPS + Cellular,From $679
GPS,From $549
Features
Case Size and Weight,44mm by 38mm by 10.74mm (44mm)
Display,LTPO OLED Always-on Retina display                LTPO3 OLED Always-on Retina display
Features,Electrical heart sensor
Chip,S5 SiP with 64-bit dual-core processor            S10 SiP with 64-bit dual-core processor
Learn more about available carriers,LTE and UMTS
Power,Built-in rechargeable lithium-ion battery         Built-in rechargeable lithium-ion battery
Environmental Features31,Not available                                     Carbon-neutral combinations available32

apple watch series 5
Price Information
GPS + Cellular,From $679
GPS,From $549
Features
Case Size and Weight,44mm by 38mm by 10.74mm (44mm)
Display,LTPO OLED Always-on Retina display                LTPO3 OLED Always-on Retina display
Features,Electrical heart sensor
Chip,S5 SiP with 64-bit dual-core processor            S10 SiP with 64-bit dual-core processor
Learn more about available carriers,LTE and UMTS
Power,Built-in rechargeable lithium-ion battery         Built-in rechargeable lithium-ion battery
Environmental Features31,Not available                                     Carbon-neutral combinations available32

apple watch series 5
Price Information
GPS + Cellular,From $679
GPS,From $549
Features
Case Size and Weight,
Display,
Features,
Chip,
Learn more about available carriers,
Power,
Environmental Features31,

apple watch series 5
Price Information
GPS + Cellular,From $679
GPS,From $549
Features
Case Size and Weight,
Display,
Features,
Chip,
Learn more about available carriers,
Power,
Environmental Features31,

apple watch series 5
Price Information
GPS + Cellular,From $679
GPS,From $549
Features
Summary,
Finishes,GPS + Cellular
Case Size and Weight,44mm by 38mm by 10.74mm (44mm)
Display,LTPO OLED Always-on Retina display
Features,Electrical heart sensor
Chip,S5 SiP with 64-bit dual-core processor
Learn more about available carriers,LTE and UMTS
Power,Built-in rechargeable lithium-ion battery
Environmental Features31,—

apple watch series 5
Price Information
GPS + Cellular,From $679
GPS,From $549
Features
Summary,
Finishes,GPS + Cellular
Case Size and Weight,44mm by 38mm by 10.74mm (44mm)
Display,LTPO OLED Always-on Retina display
Features,Electrical heart sensor
Chip,S5 SiP with 64-bit dual-core processor
Learn more about available carriers,LTE and UMTS
Power,Built-in rechargeable lithium-ion battery
Environmental Features31,—

appple watch series 5
Price Information
GPS + Cellular,From $399
GPS,From $329
Features
Summary,
Finishes,GPS + Cellular
Case Size and Weight,44mm by 38mm by 10.7mm (44mm)
Display,LTPO OLED Retina display
Features,—
Chip,S8 SiP with 64-bit dual-core processor
Learn more about available carriers,LTE and UMTS
Power,Built-in rechargeable lithium-ion battery
Environmental Features31,Carbon-neutral combinations available32

apple watch sapple watch series 5
Price Information
GPS + Cellular,From $399
GPS,From $329
Features
Summary,
Finishes,GPS + Cellular
Case Size and Weight,44mm by 38mm by 10.7mm (44mm)
Display,LTPO OLED Retina display
Features,—
Chip,S8 SiP with 64-bit dual-core processor
Learn more about available carriers,LTE and UMTS
Power,Built-in rechargeable lithium-ion battery
Environmental Features31,Carbon-neutral combinations available32

apple watch series 5
Price Information
GPS + Cellular,From $679
GPS,From $549
Features
Summary,
Finishes,GPS + Cellular
Case Size and Weight,44mm by 38mm by 10.74mm (44mm)
Display,LTPO OLED Always-on Retina display
Features,Electrical heart sensor
Chip,S5 SiP with 64-bit dual-core processor
Learn more about available carriers,LTE and UMTS
Power,Built-in rechargeable lithium-ion battery
Environmental Features31,—

apple watch series 5
Price Information
GPS + Cellular,From $679
GPS,From $549
Features
Summary,
Finishes,GPS + Cellular
Case Size and Weight,44mm by 38mm by 10.74mm (44mm)
Display,LTPO OLED Always-on Retina display
Features,Electrical heart sensor
Chip,S5 SiP with 64-bit dual-core processor
Learn more about available carriers,LTE and UMTS
Power,Built-in rechargeable lithium-ion battery
Environmental Features31,—

apple watch series 5
Price Information
GPS + Cellular,From $679
GPS,From $549
Features
Summary,
Finishes,GPS + Cellular
Case Size and Weight,44mm by 38mm by 10.74mm (44mm)
Display,LTPO OLED Always-on Retina display
Features,Electrical heart sensor
Chip,S5 SiP with 64-bit dual-core processor
Learn more about available carriers,LTE and UMTS
Power,Built-in rechargeable lithium-ion battery
Environmental Features31,—

apple watch series 5
Price Information
Price,Not available
Features
Summary,
Finishes,GPS + Cellular

apple watch series 5
Price Information
Price,Not available
Features
Summary,
Finishes,GPS + Cellular
Case Size and Weight,44mm by 38mm by 10.74mm (44mm)
Display,LTPO OLED Always-on Retina display
Features,Electrical heart sensor
Chip,S5 SiP with 64-bit dual-core processor
Learn more about available carriers,LTE and UMTS
Power,Built-in rechargeable lithium-ion battery
Environmental Features31,—

apple watch series 5
Price Information
Price,Not available
Features
Summary,
Finishes,
Case Size and Weight,44mm by 38mm by 10.74mm (44mm)
Display,LTPO OLED Always-on Retina display
Features,Electrical heart sensor
Chip,S5 SiP with 64-bit dual-core processor
Learn more about available carriers,LTE and UMTS
Power,Built-in rechargeable lithium-ion battery
Environmental Features31,—

apple watch series 5
Price Information
Price,Not available
Features
Summary,
Finishes,GPS + Cellular
Case Size and Weight,44mm by 38mm by 10.74mm (44mm)
Display,LTPO OLED Always-on Retina display
Features,Electrical heart sensor
Chip,S5 SiP with 64-bit dual-core processor
Learn more about available carriers,LTE and UMTS
Power,Built-in rechargeable lithium-ion battery
Environmental Features31,—

apple watch series 5
Price Information
Price,Not available
Features
Summary,
Finishes,GPS + Cellular
Case Size and Weight,44mm by 38mm by 10.74mm (44mm)
Display,LTPO OLED Always-on Retina display
Features,Electrical heart sensor
Chip,S5 SiP with 64-bit dual-core processor
Learn more about available carriers,LTE and UMTS
Power,Built-in rechargeable lithium-ion battery
Environmental Features31,—

apple watch series 5
Price Information
Price,Not available
Features
Summary,
Finishes,GPS + Cellular
Case Size and Weight,44mm by 38mm by 10.74mm (44mm)
Display,LTPO OLED Always-on Retina display
Features,Electrical heart sensor
Chip,S5 SiP with 64-bit dual-core processor
Learn more about available carriers,LTE and UMTS
Power,Built-in rechargeable lithium-ion battery
Environmental Features31,Energy-efficient33

apple watch series 5
Price Information
Price,Not available
Features
Case Size and Weight,44mm by 38mm by 10.74mm (44mm)
Display,LTPO OLED Always-on Retina display
Features,Electrical heart sensor
Chip,S5 SiP with 64-bit dual-core processor
Learn more about available carriers,LTE and UMTS
Power,Built-in rechargeable lithium-ion battery
Environmental Features31,Energy-efficient33

apple watch series 5
Price Information
Price,Not available
Features

apple watch series 5
Price Information
Price,Not available
Features

apple watch series 5
Price Information
Price,Not available
Features

apple watch series 5
Price Information
Price,Not available
Features

apple watch series 5
Price Information
Price,Not available
Features
Summary,
Finishes,GPS + Cellular
Case Size and Weight,44mm by 38mm by 10.74mm (44mm)
Display,LTPO OLED Always-on Retina display
Features,Electrical heart sensor
Chip,S5 SiP with 64-bit dual-core processor
Learn more about available carriers,LTE and UMTS
Power,Built-in rechargeable lithium-ion battery
Environmental Features31,—

apple watch series 5
Price Information
Price,Not available
Features

apple watch series 5
Price Information
Price,Not available
Features

apple watch series 5
Price Information
Price,Not available
Features

apple watch series 5
Price Information
Price,Not available
Features

apple watch series 5
Price Information
Price,Not available
Features

apple watch series 5
Price Information
Price,Not available
Features

